Date,AAPL,AMZN,GOOG,MSFT
1/19/16,24.165001,574.47998,701.789978,50.560001
1/20/16,24.1975,571.77002,698.450012,50.790001
1/21/16,24.075001,575.02002,706.590027,50.48
1/22/16,25.355,596.380005,725.25,52.290001
1/25/16,24.860001,596.530029,711.669983,51.790001
1/26/16,24.997499,601.25,713.039978,52.169998
1/27/16,23.355,583.349976,699.98999,51.220001
1/28/16,23.522499,635.349976,730.960022,52.060001
1/29/16,24.334999,587,742.950012,55.09
2/1/16,24.1075,574.809998,752,54.709999
2/2/16,23.620001,552.099976,764.650024,53
2/3/16,24.0875,531.070007,726.950012,52.16
2/4/16,24.15,536.26001,708.01001,52
2/5/16,23.504999,502.130005,683.570007,50.16
2/8/16,23.752501,488.100006,682.73999,49.41
2/9/16,23.747499,482.070007,678.109985,49.279999
2/10/16,23.567499,490.480011,684.119995,49.709999
2/11/16,23.424999,503.820007,683.109985,49.689999
2/12/16,23.497499,507.079987,682.400024,50.5
2/16/16,24.16,521.099976,691,51.09
2/17/16,24.530001,534.099976,708.400024,52.419998
2/18/16,24.065001,525,697.349976,52.189999
2/19/16,24.01,534.900024,700.909973,51.82
2/22/16,24.219999,559.5,706.460022,52.650002
2/23/16,23.672501,552.940002,695.849976,51.18
2/24/16,24.025,554.039978,699.559998,51.360001
2/25/16,24.190001,555.150024,705.75,52.099998
2/26/16,24.227501,555.22998,705.070007,51.299999
2/29/16,24.172501,552.52002,697.77002,50.880001
3/1/16,25.1325,579.039978,718.809998,52.580002
3/2/16,25.1875,580.210022,718.849976,52.950001
3/3/16,25.375,577.48999,712.419983,52.349998
3/4/16,25.752501,575.140015,710.890015,52.029999
3/7/16,25.467501,562.799988,695.159973,51.029999
3/8/16,25.2575,560.26001,693.969971,51.650002
3/9/16,25.280001,559.469971,705.23999,52.84
3/10/16,25.2925,558.929993,712.820007,52.049999
3/11/16,25.565001,569.609985,726.820007,53.07
3/14/16,25.629999,573.369995,730.48999,53.169998
3/15/16,26.145,577.02002,728.330017,53.59
3/16/16,26.4925,574.27002,736.090027,54.349998
3/17/16,26.450001,559.440002,737.780029,54.66
3/18/16,26.48,552.080017,737.599976,53.490002
3/21/16,26.477501,553.97998,742.090027,53.860001
3/22/16,26.68,560.47998,740.75,54.07
3/23/16,26.532499,569.630005,738.059998,53.970001
3/24/16,26.4175,582.950012,735.299988,54.209999
3/28/16,26.297501,579.869995,733.530029,53.540001
3/29/16,26.92,593.859985,744.77002,54.709999
3/30/16,27.389999,598.690002,750.530029,55.049999
3/31/16,27.247499,593.640015,744.950012,55.23
4/1/16,27.497499,598.5,749.909973,55.57
4/4/16,27.780001,593.190002,745.289978,55.43
4/5/16,27.452499,586.140015,737.799988,54.560001
4/6/16,27.74,602.080017,745.690002,55.119999
4/7/16,27.135,591.429993,740.280029,54.459999
4/8/16,27.165001,594.599976,739.150024,54.419998
4/11/16,27.254999,595.929993,736.099976,54.310001
4/12/16,27.610001,603.169983,743.090027,54.650002
4/13/16,28.01,614.820007,751.719971,55.349998
4/14/16,28.025,620.75,753.200012,55.360001
4/15/16,27.4625,625.890015,759,55.650002
4/18/16,26.870001,635.349976,766.609985,56.459999
4/19/16,26.727501,627.900024,753.929993,56.389999
4/20/16,26.782499,632.98999,752.669983,55.59
4/21/16,26.4925,631,759.140015,55.779999
4/22/16,26.42,620.5,718.77002,51.779999
4/25/16,26.27,626.200012,723.150024,52.110001
4/26/16,26.0875,616.880005,708.140015,51.439999
4/27/16,24.455,606.570007,705.840027,50.939999
4/28/16,23.7075,602,691.02002,49.900002
4/29/16,23.434999,659.590027,693.01001,49.869999
5/2/16,23.41,683.849976,698.210022,50.610001
5/3/16,23.795,671.320007,692.359985,49.779999
5/4/16,23.547501,670.900024,695.700012,49.869999
5/5/16,23.309999,659.090027,701.429993,49.939999
5/6/16,23.18,673.950012,711.119995,50.389999
5/9/16,23.1975,679.75,712.900024,50.07
5/10/16,23.355,703.070007,723.179993,51.02
5/11/16,23.127501,713.22998,715.289978,51.049999
5/12/16,22.584999,717.929993,713.309998,51.509998
5/13/16,22.629999,709.919983,710.830017,51.080002
5/16/16,23.469999,710.659973,716.48999,51.830002
5/17/16,23.372499,695.27002,706.22998,50.509998
5/18/16,23.639999,697.450012,706.630005,50.810001
5/19/16,23.549999,698.52002,700.320007,50.32
5/20/16,23.805,702.799988,709.73999,50.619999
5/23/16,24.1075,696.75,704.23999,50.029999
5/24/16,24.475,704.200012,720.090027,51.59
5/25/16,24.905001,708.349976,725.27002,52.119999
5/26/16,25.102501,714.909973,724.119995,51.889999
5/27/16,25.0875,712.23999,732.659973,52.32
5/31/16,24.965,722.789978,735.719971,53
6/1/16,24.615,719.440002,734.150024,52.849998
6/2/16,24.43,728.23999,730.400024,52.48
6/3/16,24.48,725.539978,722.340027,51.790001
6/6/16,24.657499,726.72998,716.549988,52.130001
6/7/16,24.7575,723.73999,716.650024,52.099998
6/8/16,24.735001,726.640015,728.280029,52.040001
6/9/16,24.9125,727.650024,728.580017,51.619999
6/10/16,24.7075,717.909973,719.409973,51.48
6/13/16,24.334999,715.23999,718.359985,50.139999
6/14/16,24.365,719.299988,718.27002,49.830002
6/15/16,24.285,714.26001,718.919983,49.689999
6/16/16,24.387501,717.51001,710.359985,50.389999
6/17/16,23.8325,706.390015,691.719971,50.130001
6/20/16,23.775,714.01001,693.710022,50.07
6/21/16,23.977501,715.820007,695.940002,51.189999
6/22/16,23.887501,710.599976,697.460022,50.990002
6/23/16,24.025,722.080017,701.869995,51.91
6/24/16,23.35,698.960022,675.219971,49.830002
6/27/16,23.01,691.359985,668.26001,48.43
6/28/16,23.397499,707.950012,680.039978,49.439999
6/29/16,23.6,715.599976,684.109985,50.540001
6/30/16,23.9,715.619995,692.099976,51.169998
7/1/16,23.9725,725.679993,699.210022,51.16
7/5/16,23.747499,728.099976,694.950012,51.169998
7/6/16,23.8825,737.609985,697.77002,51.380001
7/7/16,23.985001,736.570007,695.359985,51.380001
7/8/16,24.17,745.809998,705.630005,52.299999
7/11/16,24.245001,753.780029,715.090027,52.59
7/12/16,24.355,748.210022,720.640015,53.209999
7/13/16,24.217501,742.630005,716.97998,53.509998
7/14/16,24.6975,741.200012,720.950012,53.740002
7/15/16,24.695,735.440002,719.849976,53.700001
7/18/16,24.9575,736.070007,733.780029,53.959999
7/19/16,24.967501,739.950012,736.960022,53.09
7/20/16,24.99,745.719971,741.190002,55.91
7/21/16,24.8575,744.429993,738.630005,55.799999
7/22/16,24.665001,744.859985,742.73999,56.57
7/25/16,24.334999,739.609985,739.77002,56.73
7/26/16,24.1675,735.590027,738.419983,56.759998
7/27/16,25.737499,736.669983,741.77002,56.189999
7/28/16,26.084999,752.609985,745.909973,56.209999
7/29/16,26.0525,758.809998,768.789978,56.68
8/1/16,26.512501,767.73999,772.880005,56.580002
8/2/16,26.120001,760.580017,771.070007,56.580002
8/3/16,26.4475,754.640015,773.179993,56.970001
8/4/16,26.467501,760.77002,771.609985,57.389999
8/5/16,26.870001,765.97998,782.219971,57.959999
8/8/16,27.092501,766.559998,781.76001,58.060001
8/9/16,27.202499,768.309998,784.26001,58.200001
8/10/16,27,768.559998,784.679993,58.02
8/11/16,26.9825,771.23999,784.849976,58.299999
8/12/16,27.045,772.559998,783.219971,57.939999
8/15/16,27.370001,768.48999,782.440002,58.119999
8/16/16,27.344999,764.039978,777.140015,57.439999
8/17/16,27.305,764.630005,779.909973,57.560001
8/18/16,27.27,764.460022,777.5,57.599998
8/19/16,27.34,757.309998,775.419983,57.619999
8/22/16,27.127501,759.47998,772.150024,57.669998
8/23/16,27.2125,762.450012,772.080017,57.889999
8/24/16,27.0075,757.25,769.640015,57.950001
8/25/16,26.8925,759.219971,769.409973,58.169998
8/26/16,26.735001,769,769.539978,58.029999
8/29/16,26.705,771.289978,772.150024,58.099998
8/30/16,26.5,767.580017,769.090027,57.889999
8/31/16,26.525,769.159973,767.049988,57.459999
9/1/16,26.682501,770.619995,768.780029,57.59
9/2/16,26.932501,772.440002,771.460022,57.669998
9/6/16,26.924999,788.869995,780.080017,57.610001
9/7/16,27.09,784.47998,780.349976,57.66
9/8/16,26.379999,784.059998,775.320007,57.43
9/9/16,25.782499,760.140015,759.659973,56.209999
9/12/16,26.360001,771.48999,769.02002,57.049999
9/13/16,26.987499,761.01001,759.690002,56.529999
9/14/16,27.942499,761.090027,762.48999,56.259998
9/15/16,28.8925,769.690002,771.76001,57.189999
9/16/16,28.73,778.52002,768.880005,57.25
9/19/16,28.395,775.099976,765.700012,56.93
9/20/16,28.3925,780.219971,771.409973,56.810001
9/21/16,28.387501,789.73999,776.219971,57.759998
9/22/16,28.655001,804.700012,787.210022,57.82
9/23/16,28.1775,805.75,786.900024,57.43
9/26/16,28.219999,799.159973,774.210022,56.900002
9/27/16,28.272499,816.109985,783.01001,57.950001
9/28/16,28.487499,828.719971,781.559998,58.029999
9/29/16,28.045,829.049988,775.01001,57.400002
9/30/16,28.262501,837.309998,777.289978,57.599998
10/3/16,28.129999,836.73999,772.559998,57.419998
10/4/16,28.25,834.030029,776.429993,57.240002
10/5/16,28.262501,844.359985,776.469971,57.639999
10/6/16,28.4725,841.659973,776.859985,57.740002
10/7/16,28.514999,839.429993,775.080017,57.799999
10/10/16,29.012501,841.710022,785.940002,58.040001
10/11/16,29.075001,831,783.070007,57.189999
10/12/16,29.334999,834.090027,786.140015,57.110001
10/13/16,29.245001,829.280029,778.190002,56.919998
10/14/16,29.407499,822.960022,778.530029,57.419998
10/17/16,29.387501,812.950012,779.960022,57.220001
10/18/16,29.3675,817.650024,795.26001,57.66
10/19/16,29.280001,817.690002,801.5,57.529999
10/20/16,29.264999,810.320007,796.969971,57.25
10/21/16,29.15,818.98999,799.369995,59.66
10/24/16,29.4125,838.090027,813.109985,61
10/25/16,29.5625,835.179993,807.669983,60.990002
10/26/16,28.897499,822.590027,799.070007,60.630001
10/27/16,28.620001,818.359985,795.349976,60.099998
10/28/16,28.43,776.320007,795.369995,59.869999
10/31/16,28.385,789.820007,784.539978,59.919998
11/1/16,27.872499,785.409973,783.609985,59.799999
11/2/16,27.897499,765.559998,768.700012,59.43
11/3/16,27.4575,767.030029,762.130005,59.209999
11/4/16,27.209999,755.049988,762.02002,58.709999
11/7/16,27.602501,784.929993,782.52002,60.419998
11/8/16,27.764999,787.75,790.51001,60.470001
11/9/16,27.719999,771.880005,785.309998,60.169998
11/10/16,26.9475,742.380005,762.559998,58.700001
11/11/16,27.1075,739.01001,754.02002,59.02
11/14/16,26.4275,719.070007,736.080017,58.119999
11/15/16,26.7775,743.23999,758.48999,58.869999
11/16/16,27.497499,746.48999,764.47998,59.650002
11/17/16,27.487499,756.400024,771.22998,60.639999
11/18/16,27.514999,760.159973,760.539978,60.349998
11/21/16,27.932501,780,769.200012,60.860001
11/22/16,27.950001,785.330017,768.27002,61.119999
11/23/16,27.807501,780.119995,760.98999,60.400002
11/25/16,27.9475,780.369995,761.679993,60.529999
11/28/16,27.8925,766.77002,768.23999,60.610001
11/29/16,27.865,762.52002,770.840027,61.09
11/30/16,27.629999,750.570007,758.039978,60.259998
12/1/16,27.372499,743.650024,747.919983,59.200001
12/2/16,27.475,740.340027,750.5,59.25
12/5/16,27.2775,759.359985,762.52002,60.220001
12/6/16,27.487499,764.719971,759.109985,59.950001
12/7/16,27.7575,770.419983,771.190002,61.369999
12/8/16,28.030001,767.330017,776.419983,61.009998
12/9/16,28.487499,768.659973,789.289978,61.970001
12/12/16,28.325001,760.119995,789.27002,62.169998
12/13/16,28.797501,774.340027,796.099976,62.98
12/14/16,28.797501,768.820007,797.070007,62.68
12/15/16,28.955,761,797.849976,62.580002
12/16/16,28.9925,757.77002,790.799988,62.299999
12/19/16,29.16,766,794.200012,63.619999
12/20/16,29.237499,771.219971,796.419983,63.540001
12/21/16,29.264999,770.599976,794.559998,63.540001
12/22/16,29.0725,766.340027,791.26001,63.549999
12/23/16,29.129999,760.590027,789.909973,63.240002
12/27/16,29.315001,771.400024,791.549988,63.279999
12/28/16,29.190001,772.130005,785.049988,62.990002
12/29/16,29.182501,765.150024,782.789978,62.900002
12/30/16,28.955,749.869995,771.820007,62.139999
1/3/17,29.0375,753.669983,786.140015,62.580002
1/4/17,29.004999,757.179993,786.900024,62.299999
1/5/17,29.1525,780.450012,794.02002,62.299999
1/6/17,29.477501,795.98999,806.150024,62.84
1/9/17,29.747499,796.919983,806.650024,62.639999
1/10/17,29.7775,795.900024,804.789978,62.619999
1/11/17,29.9375,799.02002,807.909973,63.189999
1/12/17,29.8125,813.640015,806.359985,62.610001
1/13/17,29.76,817.140015,807.880005,62.700001
1/17/17,30,809.719971,804.609985,62.529999
1/18/17,29.997499,807.47998,806.070007,62.5
1/19/17,29.945,809.039978,802.174988,62.299999
1/20/17,30,808.330017,805.02002,62.740002
1/23/17,30.02,817.880005,819.309998,62.959999
1/24/17,29.9925,822.440002,823.869995,63.52
1/25/17,30.469999,836.52002,835.669983,63.68
1/26/17,30.485001,839.150024,832.150024,64.269997
1/27/17,30.487499,835.77002,823.309998,65.779999
1/30/17,30.407499,830.380005,802.320007,65.129997
1/31/17,30.3375,823.47998,796.789978,64.650002
2/1/17,32.1875,832.349976,795.695007,63.580002
2/2/17,32.1325,839.950012,798.530029,63.169998
2/3/17,32.27,810.200012,801.48999,63.68
2/6/17,32.572498,807.640015,801.340027,63.639999
2/7/17,32.8825,812.5,806.969971,63.43
2/8/17,33.009998,819.710022,808.380005,63.34
2/9/17,33.105,821.359985,809.559998,64.059998
2/10/17,33.029999,827.460022,813.669983,64
2/13/17,33.322498,836.530029,819.23999,64.720001
2/14/17,33.755001,836.390015,820.450012,64.57
2/15/17,33.877499,842.700012,818.97998,64.529999
2/16/17,33.837502,844.140015,824.159973,64.519997
2/17/17,33.93,845.070007,828.070007,64.620003
2/21/17,34.174999,856.440002,831.659973,64.489998
2/22/17,34.2775,855.609985,830.76001,64.360001
2/23/17,34.1325,852.190002,831.330017,64.620003
2/24/17,34.165001,845.23999,828.640015,64.620003
2/27/17,34.232498,848.640015,829.280029,64.230003
2/28/17,34.247501,845.039978,823.210022,63.98
3/1/17,34.947498,853.080017,835.23999,64.940002
3/2/17,34.740002,848.909973,830.630005,64.010002
3/3/17,34.945,849.880005,829.080017,64.25
3/6/17,34.834999,846.609985,827.780029,64.269997
3/7/17,34.880001,846.02002,831.909973,64.400002
3/8/17,34.75,850.5,835.369995,64.989998
3/9/17,34.669998,853,838.679993,64.730003
3/10/17,34.785,852.460022,843.25,64.93
3/13/17,34.799999,854.590027,845.539978,64.709999
3/14/17,34.747501,852.530029,845.619995,64.410004
3/15/17,35.115002,852.969971,847.200012,64.75
3/16/17,35.172501,853.419983,848.780029,64.639999
3/17/17,34.997501,852.309998,852.119995,64.870003
3/20/17,35.365002,856.969971,848.400024,64.93
3/21/17,34.959999,843.200012,830.460022,64.209999
3/22/17,35.355,848.059998,829.590027,65.029999
3/23/17,35.23,847.380005,817.580017,64.870003
3/24/17,35.16,845.609985,814.429993,64.980003
3/27/17,35.220001,846.820007,819.51001,65.099998
3/28/17,35.950001,856,820.919983,65.290001
3/29/17,36.029999,874.320007,831.409973,65.470001
3/30/17,35.982498,876.340027,831.5,65.709999
3/31/17,35.915001,886.539978,829.559998,65.860001
4/3/17,35.924999,891.51001,838.549988,65.550003
4/4/17,36.192501,906.830017,834.570007,65.730003
4/5/17,36.005001,909.280029,831.409973,65.559998
4/6/17,35.915001,898.280029,827.880005,65.730003
4/7/17,35.834999,894.880005,824.669983,65.68
4/10/17,35.7925,907.039978,824.72998,65.529999
4/11/17,35.407501,902.359985,823.349976,65.480003
4/12/17,35.450001,896.22998,824.320007,65.230003
4/13/17,35.262501,884.669983,823.559998,64.949997
4/17/17,35.4575,901.98999,837.169983,65.480003
4/18/17,35.299999,903.780029,836.820007,65.389999
4/19/17,35.169998,899.200012,838.210022,65.040001
4/20/17,35.610001,902.059998,841.650024,65.5
4/21/17,35.567501,898.530029,843.190002,66.400002
4/24/17,35.91,907.409973,862.76001,67.529999
4/25/17,36.1325,907.619995,872.299988,67.919998
4/26/17,35.919998,909.289978,871.72998,67.830002
4/27/17,35.947498,918.380005,874.25,68.269997
4/28/17,35.912498,924.98999,905.960022,68.459999
5/1/17,36.645,948.22998,912.570007,69.410004
5/2/17,36.877499,946.940002,916.440002,69.300003
5/3/17,36.764999,941.030029,927.039978,69.080002
5/4/17,36.6325,937.530029,931.659973,68.809998
5/5/17,37.240002,934.150024,927.130005,69
5/8/17,38.252499,949.039978,934.299988,68.940002
5/9/17,38.497501,952.820007,932.169983,69.040001
5/10/17,38.314999,948.950012,928.780029,69.309998
5/11/17,38.487499,947.619995,930.599976,68.459999
5/12/17,39.025002,961.349976,932.219971,68.379997
5/15/17,38.924999,957.969971,937.080017,68.43
5/16/17,38.8675,966.070007,943,69.410004
5/17/17,37.5625,944.76001,919.619995,67.480003
5/18/17,38.134998,958.48999,930.23999,67.709999
5/19/17,38.264999,959.840027,934.01001,67.690002
5/22/17,38.497501,970.669983,941.859985,68.449997
5/23/17,38.450001,971.539978,948.820007,68.68
5/24/17,38.334999,980.349976,954.960022,68.769997
5/25/17,38.467499,993.380005,969.539978,69.620003
5/26/17,38.4025,995.780029,971.469971,69.959999
5/30/17,38.4175,996.700012,975.880005,70.410004
5/31/17,38.189999,994.619995,964.859985,69.839996
6/1/17,38.294998,995.950012,966.950012,70.099998
6/2/17,38.862499,1006.72998,975.599976,71.760002
6/5/17,38.482498,1011.340027,983.679993,72.279999
6/6/17,38.612499,1003,976.570007,72.519997
6/7/17,38.842499,1010.070007,980.940002,72.389999
6/8/17,38.747501,1010.27002,983.409973,71.949997
6/9/17,37.244999,978.309998,949.830017,70.32
6/12/17,36.355,964.909973,942.900024,69.779999
6/13/17,36.647499,980.789978,953.400024,70.650002
6/14/17,36.290001,976.469971,950.76001,70.269997
6/15/17,36.072498,964.169983,942.309998,69.900002
6/16/17,35.567501,987.710022,939.780029,70
6/19/17,36.584999,995.169983,957.369995,70.870003
6/20/17,36.252499,992.590027,950.630005,69.910004
6/21/17,36.467499,1002.22998,959.450012,70.269997
6/22/17,36.407501,1001.299988,957.090027,70.260002
6/23/17,36.57,1003.73999,965.590027,71.209999
6/26/17,36.455002,993.97998,952.27002,70.529999
6/27/17,35.932499,976.780029,927.330017,69.209999
6/28/17,36.4575,990.330017,940.48999,69.800003
6/29/17,35.919998,975.929993,917.789978,68.489998
6/30/17,36.005001,968,908.72998,68.93
7/3/17,35.875,953.659973,898.700012,68.169998
7/5/17,36.022499,971.400024,911.710022,69.080002
7/6/17,35.682499,965.140015,906.690002,68.57
7/7/17,36.044998,978.76001,918.590027,69.459999
7/10/17,36.264999,996.469971,928.799988,69.980003
7/11/17,36.3825,994.130005,930.090027,69.989998
7/12/17,36.435001,1006.51001,943.830017,71.150002
7/13/17,36.942501,1000.630005,947.159973,71.769997
7/14/17,37.259998,1001.809998,955.98999,72.779999
7/17/17,37.389999,1010.039978,953.419983,73.349998
7/18/17,37.52,1024.449951,965.400024,73.300003
7/19/17,37.755001,1026.869995,970.890015,73.860001
7/20/17,37.584999,1028.699951,968.150024,74.220001
7/21/17,37.567501,1025.670044,972.919983,73.790001
7/24/17,38.022499,1038.949951,980.340027,73.599998
7/25/17,38.185001,1039.869995,950.700012,74.190002
7/26/17,38.365002,1052.800049,947.799988,74.050003
7/27/17,37.639999,1046,934.090027,73.160004
7/28/17,37.375,1020.039978,941.530029,73.040001
7/31/17,37.182499,987.780029,930.5,72.699997
8/1/17,37.512501,996.190002,930.830017,72.580002
8/2/17,39.285,995.890015,930.390015,72.260002
8/3/17,38.892502,986.919983,923.650024,72.150002
8/4/17,39.0975,987.580017,927.960022,72.68
8/7/17,39.702499,992.27002,929.359985,72.400002
8/8/17,40.02,989.840027,926.789978,72.790001
8/9/17,40.264999,982.01001,922.900024,72.470001
8/10/17,38.830002,956.919983,907.23999,71.410004
8/11/17,39.369999,967.98999,914.390015,72.5
8/14/17,39.962502,983.299988,922.669983,73.589996
8/15/17,40.400002,982.73999,922.219971,73.220001
8/16/17,40.237499,978.179993,926.960022,73.650002
8/17/17,39.465,960.570007,910.97998,72.400002
8/18/17,39.375,958.469971,910.669983,72.489998
8/21/17,39.302502,953.289978,906.659973,72.150002
8/22/17,39.945,966.900024,924.690002,73.160004
8/23/17,39.994999,958,927,72.720001
8/24/17,39.817501,952.450012,921.280029,72.690002
8/25/17,39.965,945.26001,915.890015,72.82
8/28/17,40.3675,946.02002,913.809998,72.830002
8/29/17,40.727501,954.059998,921.289978,73.050003
8/30/17,40.837502,967.590027,929.570007,74.010002
8/31/17,41,980.599976,939.330017,74.769997
9/1/17,41.012501,978.25,937.340027,73.940002
9/5/17,40.52,965.27002,928.450012,73.610001
9/6/17,40.477501,967.799988,927.809998,73.400002
9/7/17,40.314999,979.469971,935.950012,74.339996
9/8/17,39.657501,965.900024,926.5,73.980003
9/11/17,40.375,977.960022,929.080017,74.760002
9/12/17,40.215,982.580017,932.070007,74.68
9/13/17,39.912498,999.599976,935.090027,75.209999
9/14/17,39.57,992.210022,925.109985,74.769997
9/15/17,39.970001,986.789978,920.289978,75.309998
9/18/17,39.6675,974.190002,915,75.160004
9/19/17,39.682499,969.859985,921.809998,75.440002
9/20/17,39.017502,973.210022,931.580017,74.940002
9/21/17,38.3475,964.650024,932.450012,74.209999
9/22/17,37.9725,955.099976,928.530029,74.410004
9/25/17,37.637501,939.789978,920.969971,73.260002
9/26/17,38.285,938.599976,924.859985,73.260002
9/27/17,38.557499,950.869995,944.48999,73.849998
9/28/17,38.32,956.400024,949.5,73.870003
9/29/17,38.529999,961.349976,959.109985,74.489998
10/2/17,38.452499,959.190002,953.27002,74.610001
10/3/17,38.619999,957.099976,957.789978,74.260002
10/4/17,38.369999,965.450012,951.679993,74.690002
10/5/17,38.8475,980.849976,969.960022,75.970001
10/6/17,38.825001,989.580017,978.890015,76
10/9/17,38.959999,990.98999,977,76.290001
10/10/17,38.974998,987.200012,972.599976,76.290001
10/11/17,39.137501,995,989.25,76.419998
10/12/17,39,1000.929993,987.830017,77.120003
10/13/17,39.247501,1002.940002,989.679993,77.489998
10/16/17,39.970001,1006.340027,992,77.650002
10/17/17,40.1175,1009.130005,992.179993,77.589996
10/18/17,39.939999,997,992.809998,77.610001
10/19/17,38.994999,986.609985,984.450012,77.910004
10/20/17,39.0625,982.909973,988.200012,78.809998
10/23/17,39.0425,966.299988,968.450012,78.830002
10/24/17,39.275002,975.900024,970.539978,78.860001
10/25/17,39.102501,972.909973,973.330017,78.629997
10/26/17,39.352501,972.429993,972.559998,78.760002
10/27/17,40.762501,1100.949951,1019.27002,83.809998
10/30/17,41.68,1110.849976,1017.109985,83.889999
10/31/17,42.259998,1105.280029,1016.640015,83.18
11/1/17,41.7225,1103.680054,1025.5,83.18
11/2/17,42.0275,1094.219971,1025.579956,84.050003
11/3/17,43.125,1111.599976,1032.47998,84.139999
11/6/17,43.5625,1120.660034,1025.900024,84.470001
11/7/17,43.702499,1123.170044,1033.329956,84.269997
11/8/17,44.060001,1132.880005,1039.849976,84.559998
11/9/17,43.970001,1129.130005,1031.26001,84.089996
11/10/17,43.6675,1125.349976,1028.069946,83.870003
11/13/17,43.4925,1129.170044,1025.75,83.93
11/14/17,42.834999,1136.839966,1026,84.050003
11/15/17,42.27,1126.689941,1020.909973,82.980003
11/16/17,42.775002,1137.290039,1032.5,83.199997
11/17/17,42.537498,1129.880005,1019.090027,82.400002
11/20/17,42.494999,1126.310059,1018.380005,82.529999
11/21/17,43.285,1139.48999,1034.48999,83.720001
11/22/17,43.740002,1156.160034,1035.959961,83.110001
11/24/17,43.7425,1186,1040.609985,83.260002
11/27/17,43.522499,1195.829956,1054.209961,83.870003
11/28/17,43.267502,1193.599976,1047.410034,84.879997
11/29/17,42.369999,1161.27002,1021.659973,83.339996
11/30/17,42.962502,1176.75,1021.409973,84.169998
12/1/17,42.762501,1162.349976,1010.169983,84.260002
12/4/17,42.450001,1133.949951,998.679993,81.080002
12/5/17,42.41,1141.569946,1005.150024,81.589996
12/6/17,42.252499,1152.349976,1018.380005,82.779999
12/7/17,42.330002,1159.790039,1030.930054,82.489998
12/8/17,42.342499,1162,1037.050049,84.160004
12/11/17,43.1675,1168.920044,1041.099976,85.230003
12/12/17,42.924999,1165.079956,1040.47998,85.580002
12/13/17,43.067501,1164.130005,1040.609985,85.349998
12/14/17,43.055,1174.26001,1049.150024,84.690002
12/15/17,43.4925,1179.140015,1064.189941,86.849998
12/18/17,44.105,1190.579956,1077.140015,86.379997
12/19/17,43.634998,1187.380005,1070.680054,85.830002
12/20/17,43.587502,1177.619995,1064.949951,85.519997
12/21/17,43.752499,1174.76001,1063.630005,85.5
12/22/17,43.752499,1168.359985,1060.119995,85.510002
12/26/17,42.642502,1176.76001,1056.73999,85.400002
12/27/17,42.650002,1182.26001,1049.369995,85.709999
12/28/17,42.77,1186.099976,1048.140015,85.720001
12/29/17,42.307499,1169.469971,1046.400024,85.540001
1/2/18,43.064999,1189.01001,1065,85.949997
1/3/18,43.057499,1204.199951,1082.47998,86.349998
1/4/18,43.2575,1209.589966,1086.400024,87.110001
1/5/18,43.75,1229.140015,1102.22998,88.190002
1/8/18,43.587502,1246.869995,1106.939941,88.279999
1/9/18,43.5825,1252.699951,1106.26001,88.220001
1/10/18,43.572498,1254.329956,1102.609985,87.82
1/11/18,43.82,1276.680054,1105.52002,88.080002
1/12/18,44.272499,1305.199951,1122.26001,89.599998
1/16/18,44.047501,1304.859985,1121.76001,88.349998
1/17/18,44.775002,1295,1131.97998,90.139999
1/18/18,44.814999,1293.319946,1129.790039,90.099998
1/19/18,44.615002,1294.579956,1137.51001,90
1/22/18,44.25,1327.310059,1155.810059,91.610001
1/23/18,44.259998,1362.540039,1169.969971,91.900002
1/24/18,43.555,1357.51001,1164.23999,91.82
1/25/18,42.7775,1377.949951,1170.369995,92.330002
1/26/18,42.877499,1402.050049,1175.839966,94.059998
1/29/18,41.990002,1417.680054,1175.579956,93.919998
1/30/18,41.7425,1437.819946,1163.689941,92.739998
1/31/18,41.857498,1450.890015,1169.939941,95.010002
2/1/18,41.945,1390,1167.699951,94.260002
2/2/18,40.125,1429.949951,1111.900024,91.779999
2/5/18,39.122501,1390,1055.800049,88
2/6/18,40.7575,1442.839966,1080.599976,91.330002
2/7/18,39.884998,1416.780029,1048.579956,89.610001
2/8/18,38.787498,1350.5,1001.52002,85.010002
2/9/18,39.102501,1339.599976,1037.780029,88.18
2/12/18,40.677502,1386.22998,1051.939941,89.129997
2/13/18,41.084999,1414.51001,1052.099976,89.830002
2/14/18,41.842499,1451.050049,1069.699951,90.809998
2/15/18,43.247501,1461.76001,1089.52002,92.660004
2/16/18,43.107498,1448.689941,1094.800049,92
2/20/18,42.962502,1468.349976,1102.459961,92.720001
2/21/18,42.767502,1482.920044,1111.339966,91.489998
2/22/18,43.125,1485.339966,1106.630005,91.730003
2/23/18,43.875,1500,1126.790039,94.059998
2/26/18,44.7425,1521.949951,1143.75,95.419998
2/27/18,44.5975,1511.97998,1118.290039,94.199997
2/28/18,44.529999,1512.449951,1104.72998,93.769997
3/1/18,43.75,1493.449951,1069.52002,92.849998
3/2/18,44.052502,1500.25,1078.920044,93.050003
3/5/18,44.205002,1523.609985,1090.930054,93.639999
3/6/18,44.1675,1537.640015,1095.060059,93.32
3/7/18,43.7575,1545,1109.640015,93.860001
3/8/18,44.235001,1551.859985,1126,94.43
3/9/18,44.994999,1578.890015,1160.040039,96.540001
3/12/18,45.43,1598.390015,1164.5,96.769997
3/13/18,44.9925,1588.180054,1138.170044,94.410004
3/14/18,44.610001,1591,1149.48999,93.849998
3/15/18,44.662498,1582.319946,1149.579956,94.18
3/16/18,44.505001,1571.680054,1135.72998,94.599998
3/19/18,43.825001,1544.930054,1099.819946,92.889999
3/20/18,43.810001,1586.51001,1097.709961,93.129997
3/21/18,42.817501,1581.859985,1090.880005,92.480003
3/22/18,42.212502,1544.920044,1049.079956,89.790001
3/23/18,41.235001,1495.560059,1021.570007,87.18
3/26/18,43.192501,1555.859985,1053.209961,93.779999
3/27/18,42.084999,1497.050049,1005.099976,89.470001
3/28/18,41.619999,1431.420044,1004.559998,89.389999
3/29/18,41.945,1447.339966,1031.790039,91.269997
4/2/18,41.669998,1371.98999,1006.469971,88.519997
4/3/18,42.0975,1392.050049,1013.409973,89.709999
4/4/18,42.9025,1410.569946,1025.140015,92.330002
4/5/18,43.200001,1451.75,1027.810059,92.379997
4/6/18,42.095001,1405.22998,1007.039978,90.230003
4/9/18,42.512501,1406.079956,1015.450012,90.769997
4/10/18,43.3125,1436.219971,1031.640015,92.879997
4/11/18,43.110001,1427.050049,1019.969971,91.860001
4/12/18,43.535,1448.5,1032.51001,93.580002
4/13/18,43.682499,1430.790039,1029.27002,93.080002
4/16/18,43.955002,1441.5,1037.97998,94.169998
4/17/18,44.560001,1503.829956,1074.160034,96.07
4/18/18,44.459999,1527.839966,1072.079956,96.440002
4/19/18,43.200001,1556.910034,1087.699951,96.110001
4/20/18,41.43,1527.48999,1072.959961,95
4/23/18,41.310001,1517.859985,1067.449951,95.349998
4/24/18,40.735001,1460.089966,1019.97998,93.120003
4/25/18,40.912498,1460.170044,1021.179993,92.309998
4/26/18,41.055,1517.959961,1040.040039,94.260002
4/27/18,40.580002,1572.619995,1030.050049,95.82
4/30/18,41.314999,1566.130005,1017.330017,93.519997
5/1/18,42.275002,1582.26001,1037.310059,95
5/2/18,44.142502,1569.680054,1024.380005,93.510002
5/3/18,44.2225,1572.079956,1023.719971,94.07
5/4/18,45.9575,1580.949951,1048.209961,95.160004
5/7/18,46.290001,1600.140015,1054.790039,96.220001
5/8/18,46.512501,1592.390015,1053.910034,95.809998
5/9/18,46.84,1608,1082.76001,96.940002
5/10/18,47.509998,1609.079956,1097.569946,97.910004
5/11/18,47.147499,1602.910034,1098.26001,97.699997
5/14/18,47.037498,1601.540039,1100.199951,98.029999
5/15/18,46.610001,1576.119995,1079.22998,97.32
5/16/18,47.044998,1587.280029,1081.77002,97.150002
5/17/18,46.747501,1581.76001,1078.589966,96.18
5/18/18,46.577499,1574.369995,1066.359985,96.360001
5/21/18,46.907501,1585.459961,1079.579956,97.599998
5/22/18,46.790001,1581.400024,1069.72998,97.5
5/23/18,47.09,1601.859985,1079.689941,98.660004
5/24/18,47.037498,1603.069946,1079.23999,98.309998
5/25/18,47.145,1610.150024,1075.660034,98.360001
5/29/18,46.974998,1612.869995,1060.319946,98.010002
5/30/18,46.875,1624.890015,1067.800049,98.949997
5/31/18,46.717499,1629.619995,1084.98999,98.839996
6/1/18,47.560001,1641.540039,1119.5,100.790001
6/4/18,47.9575,1665.27002,1139.290039,101.669998
6/5/18,48.327499,1696.349976,1139.660034,102.190002
6/6/18,48.494999,1695.75,1136.880005,102.489998
6/7/18,48.365002,1689.300049,1123.859985,100.879997
6/8/18,47.924999,1683.98999,1120.869995,101.629997
6/11/18,47.807499,1689.119995,1129.98999,101.050003
6/12/18,48.07,1698.75,1139.319946,101.309998
6/13/18,47.674999,1704.859985,1134.790039,100.849998
6/14/18,47.700001,1723.859985,1152.119995,101.419998
6/15/18,47.209999,1715.969971,1152.26001,100.129997
6/18/18,47.185001,1723.790039,1173.459961,100.860001
6/19/18,46.422501,1734.780029,1168.060059,100.860001
6/20/18,46.625,1750.079956,1169.839966,101.870003
6/21/18,46.365002,1730.219971,1157.660034,101.139999
6/22/18,46.23,1715.670044,1155.47998,100.410004
6/25/18,45.5425,1663.150024,1124.810059,98.389999
6/26/18,46.107498,1691.089966,1118.459961,99.080002
6/27/18,46.040001,1660.51001,1103.97998,97.540001
6/28/18,46.375,1701.449951,1114.219971,98.629997
6/29/18,46.2775,1699.800049,1115.650024,98.610001
7/2/18,46.794998,1713.780029,1127.459961,100.010002
7/3/18,45.98,1693.959961,1102.890015,99.050003
7/5/18,46.349998,1699.72998,1124.27002,99.760002
7/6/18,46.9925,1710.630005,1140.170044,101.160004
7/9/18,47.645,1739.02002,1154.050049,101.849998
7/10/18,47.587502,1743.069946,1152.839966,102.120003
7/11/18,46.970001,1755,1153.900024,101.980003
7/12/18,47.7575,1796.619995,1183.47998,104.190002
7/13/18,47.8325,1813.030029,1188.819946,105.43
7/16/18,47.727501,1822.48999,1183.859985,104.910004
7/17/18,47.862499,1843.930054,1198.800049,105.949997
7/18/18,47.599998,1842.920044,1195.880005,105.120003
7/19/18,47.970001,1812.969971,1186.959961,104.400002
7/20/18,47.860001,1813.699951,1184.910034,106.269997
7/23/18,47.9025,1802,1205.5,107.970001
7/24/18,48.25,1829.23999,1248.079956,107.660004
7/25/18,48.705002,1863.609985,1263.699951,110.830002
7/26/18,48.552502,1808,1268.329956,109.620003
7/27/18,47.744999,1817.27002,1238.5,107.68
7/30/18,47.477501,1779.219971,1219.73999,105.370003
7/31/18,47.572498,1777.439941,1217.26001,106.080002
8/1/18,50.375,1797.170044,1220.01001,106.279999
8/2/18,51.8475,1834.329956,1226.150024,107.57
8/3/18,51.997501,1823.290039,1223.709961,108.040001
8/6/18,52.267502,1847.75,1224.77002,108.129997
8/7/18,51.7775,1862.47998,1242.219971,108.879997
8/8/18,51.8125,1886.52002,1245.609985,109.489998
8/9/18,52.220001,1898.52002,1249.099976,109.669998
8/10/18,51.8825,1886.300049,1237.609985,109
8/13/18,52.217499,1896.199951,1235.01001,108.209999
8/14/18,52.4375,1919.650024,1242.099976,109.559998
8/15/18,52.560001,1882.619995,1214.380005,107.660004
8/16/18,53.330002,1886.52002,1206.48999,107.639999
8/17/18,54.395,1882.219971,1200.959961,107.580002
8/20/18,53.865002,1876.709961,1207.77002,106.870003
8/21/18,53.759998,1883.420044,1201.619995,105.980003
8/22/18,53.762501,1904.900024,1207.329956,107.059998
8/23/18,53.872501,1902.900024,1205.380005,107.559998
8/24/18,54.040001,1905.390015,1220.650024,108.400002
8/27/18,54.485001,1927.680054,1241.819946,109.599998
8/28/18,54.924999,1932.819946,1231.150024,110.260002
8/29/18,55.744999,1998.099976,1249.300049,112.019997
8/30/18,56.2575,2002.380005,1239.119995,111.949997
8/31/18,56.907501,2012.709961,1218.189941,112.330002
9/4/18,57.09,2039.51001,1197,111.709999
9/5/18,56.717499,1994.819946,1186.47998,108.489998
9/6/18,55.775002,1958.310059,1171.439941,108.739998
9/7/18,55.325001,1952.069946,1164.829956,108.209999
9/10/18,54.5825,1939.01001,1164.640015,109.379997
9/11/18,55.962502,1987.150024,1177.359985,111.239998
9/12/18,55.267502,1990,1162.819946,111.709999
9/13/18,56.602501,1989.869995,1175.329956,112.910004
9/14/18,55.959999,1970.189941,1172.530029,113.370003
9/17/18,54.470001,1908.030029,1156.050049,112.139999
9/18/18,54.560001,1941.050049,1161.219971,113.209999
9/19/18,54.592499,1926.420044,1171.089966,111.699997
9/20/18,55.0075,1944.300049,1186.869995,113.57
9/21/18,54.415001,1915.01001,1166.089966,114.260002
9/24/18,55.197498,1934.359985,1173.369995,114.669998
9/25/18,55.547501,1974.550049,1184.650024,114.449997
9/26/18,55.105,1974.849976,1180.48999,113.980003
9/27/18,56.237499,2012.97998,1194.640015,114.410004
9/28/18,56.435001,2003,1193.469971,114.370003
10/1/18,56.814999,2004.359985,1195.310059,115.610001
10/2/18,57.32,1971.310059,1200.109985,115.150002
10/3/18,58.017502,1952.76001,1202.949951,115.169998
10/4/18,56.997501,1909.420044,1168.189941,112.790001
10/5/18,56.072498,1889.650024,1157.349976,112.129997
10/8/18,55.942501,1864.420044,1148.969971,110.849998
10/9/18,56.717499,1870.319946,1138.819946,112.260002
10/10/18,54.09,1755.25,1081.219971,106.160004
10/11/18,53.612499,1719.359985,1079.319946,105.910004
10/12/18,55.5275,1788.609985,1110.079956,109.57
10/15/18,54.34,1760.949951,1092.25,107.599998
10/16/18,55.537498,1819.959961,1121.280029,111
10/17/18,55.297501,1831.72998,1115.689941,110.709999
10/18/18,54.005001,1770.719971,1087.969971,108.5
10/19/18,54.827499,1764.030029,1096.459961,108.660004
10/22/18,55.162498,1789.300049,1101.160034,109.629997
10/23/18,55.682499,1768.699951,1103.689941,108.099998
10/24/18,53.772499,1664.199951,1050.709961,102.32
10/25/18,54.950001,1782.170044,1095.569946,108.300003
10/26/18,54.075001,1642.810059,1071.469971,106.959999
10/29/18,53.060001,1538.880005,1020.080017,103.849998
10/30/18,53.325001,1530.420044,1036.209961,103.730003
10/31/18,54.715,1598.01001,1076.77002,106.809998
11/1/18,55.555,1665.530029,1070,105.919998
11/2/18,51.869999,1665.530029,1057.790039,106.160004
11/5/18,50.397499,1627.800049,1040.089966,107.510002
11/6/18,50.942501,1642.810059,1055.810059,107.720001
11/7/18,52.487499,1755.48999,1093.390015,111.959999
11/8/18,52.122501,1754.910034,1082.400024,111.75
11/9/18,51.1175,1712.430054,1066.150024,109.57
11/12/18,48.5425,1636.849976,1038.630005,106.870003
11/13/18,48.057499,1631.170044,1036.050049,106.940002
11/14/18,46.700001,1599.01001,1043.660034,104.970001
11/15/18,47.852501,1619.439941,1064.709961,107.279999
11/16/18,48.3825,1593.410034,1061.48999,108.290001
11/19/18,46.465,1512.290039,1020,104.620003
11/20/18,44.244999,1495.459961,1025.76001,101.709999
11/21/18,44.195,1516.72998,1037.609985,103.110001
11/23/18,43.072498,1502.060059,1023.880005,103.07
11/26/18,43.654999,1581.329956,1048.619995,106.470001
11/27/18,43.560001,1581.420044,1044.410034,107.139999
11/28/18,45.235001,1677.75,1086.22998,111.120003
11/29/18,44.887501,1673.569946,1088.300049,110.190002
11/30/18,44.645,1690.170044,1094.430054,110.889999
12/3/18,46.205002,1772.359985,1106.430054,112.089996
12/4/18,44.172501,1668.400024,1050.819946,108.519997
12/6/18,43.68,1699.189941,1068.72998,109.190002
12/7/18,42.122501,1629.130005,1036.579956,104.82
12/10/18,42.400002,1641.030029,1039.550049,107.589996
12/11/18,42.157501,1643.23999,1051.75,108.589996
12/12/18,42.275002,1663.540039,1063.680054,109.080002
12/13/18,42.737499,1658.380005,1061.900024,109.449997
12/14/18,41.369999,1591.910034,1042.099976,106.029999
12/17/18,40.985001,1520.910034,1016.530029,102.889999
12/18/18,41.517502,1551.47998,1028.709961,103.970001
12/19/18,40.2225,1495.079956,1023.01001,103.690002
12/20/18,39.2075,1460.829956,1009.409973,101.510002
12/21/18,37.682499,1377.449951,979.539978,98.230003
12/24/18,36.7075,1343.959961,976.219971,94.129997
12/26/18,39.2925,1470.900024,1039.459961,100.559998
12/27/18,39.037498,1461.640015,1043.880005,101.18
12/28/18,39.057499,1478.02002,1037.079956,100.389999
12/31/18,39.435001,1501.969971,1035.609985,101.57
1/2/19,39.48,1539.130005,1045.849976,101.120003
1/3/19,35.547501,1500.280029,1016.059998,97.400002
1/4/19,37.064999,1575.390015,1070.709961,101.93
1/7/19,36.982498,1629.51001,1068.390015,102.059998
1/8/19,37.6875,1656.579956,1076.280029,102.800003
1/9/19,38.327499,1659.420044,1074.660034,104.269997
1/10/19,38.450001,1656.219971,1070.329956,103.599998
1/11/19,38.072498,1640.560059,1057.189941,102.800003
1/14/19,37.5,1617.209961,1044.689941,102.050003
1/15/19,38.267502,1674.560059,1077.150024,105.010002
1/16/19,38.735001,1683.780029,1080.969971,105.379997
1/17/19,38.965,1693.219971,1089.900024,106.120003
1/18/19,39.205002,1696.199951,1098.26001,107.709999
1/22/19,38.325001,1632.170044,1070.52002,105.68
1/23/19,38.48,1640.02002,1075.569946,106.709999
1/24/19,38.174999,1654.930054,1073.900024,106.199997
1/25/19,39.439999,1670.569946,1090.98999,107.169998
1/28/19,39.075001,1637.890015,1070.079956,105.080002
1/29/19,38.669998,1593.880005,1060.619995,102.940002
1/30/19,41.3125,1670.430054,1089.060059,106.379997
1/31/19,41.610001,1718.72998,1116.369995,104.43
2/1/19,41.630001,1626.22998,1110.75,102.779999
2/4/19,42.8125,1633.310059,1132.800049,105.739998
2/5/19,43.544998,1658.810059,1145.98999,107.220001
2/6/19,43.560001,1640.26001,1115.22998,106.029999
2/7/19,42.735001,1614.369995,1098.709961,105.269997
2/8/19,42.602501,1588.219971,1095.060059,105.669998
2/11/19,42.357498,1591,1095.01001,105.25
2/12/19,42.7225,1638.01001,1121.369995,106.889999
2/13/19,42.544998,1640,1120.160034,106.809998
2/14/19,42.700001,1622.650024,1121.670044,106.900002
2/15/19,42.605,1607.949951,1113.650024,108.220001
2/19/19,42.732498,1627.579956,1118.560059,108.169998
2/20/19,43.0075,1622.099976,1113.800049,107.150002
2/21/19,42.764999,1619.439941,1096.969971,109.410004
2/22/19,43.2425,1631.560059,1110.369995,110.970001
2/25/19,43.557499,1633,1109.400024,111.589996
2/26/19,43.5825,1636.400024,1115.130005,112.360001
2/27/19,43.717499,1641.089966,1116.050049,112.169998
2/28/19,43.287498,1639.829956,1119.920044,112.029999
3/1/19,43.7425,1671.72998,1140.98999,112.529999
3/4/19,43.962502,1696.170044,1147.800049,112.260002
3/5/19,43.8825,1692.430054,1162.030029,111.699997
3/6/19,43.630001,1668.949951,1157.859985,111.75
3/7/19,43.125,1625.949951,1143.300049,110.389999
3/8/19,43.227501,1620.800049,1142.319946,110.510002
3/11/19,44.724998,1670.619995,1175.76001,112.830002
3/12/19,45.227501,1673.099976,1193.199951,113.620003
3/13/19,45.427502,1690.810059,1193.319946,114.5
3/14/19,45.932499,1686.219971,1185.550049,114.589996
3/15/19,46.529999,1712.359985,1184.459961,115.910004
3/18/19,47.005001,1742.150024,1184.26001,117.57
3/19/19,46.6325,1761.849976,1198.849976,117.650002
3/20/19,47.040001,1797.27002,1223.969971,117.519997
3/21/19,48.772499,1819.26001,1231.540039,120.220001
3/22/19,47.762501,1764.77002,1205.5,117.050003
3/25/19,47.185001,1774.26001,1193,117.660004
3/26/19,46.697498,1783.76001,1184.619995,117.910004
3/27/19,47.1175,1765.699951,1173.02002,116.769997
3/28/19,47.18,1773.420044,1168.48999,116.93
3/29/19,47.487499,1780.75,1173.310059,117.940002
4/1/19,47.810001,1814.189941,1194.430054,119.019997
4/2/19,48.505001,1813.97998,1200.48999,119.190002
4/3/19,48.837502,1820.699951,1205.920044,119.970001
4/4/19,48.922501,1818.859985,1215,119.360001
4/5/19,49.25,1837.280029,1207.150024,119.889999
4/8/19,50.025002,1849.859985,1203.839966,119.93
4/9/19,49.875,1835.839966,1197.25,119.279999
4/10/19,50.154999,1847.329956,1202.160034,120.190002
4/11/19,49.737499,1844.069946,1204.619995,120.330002
4/12/19,49.717499,1843.060059,1217.869995,120.949997
4/15/19,49.807499,1844.869995,1221.099976,121.050003
4/16/19,49.8125,1863.040039,1227.130005,120.769997
4/17/19,50.782501,1864.819946,1236.339966,121.769997
4/18/19,50.965,1861.689941,1236.369995,123.370003
4/22/19,51.1325,1887.310059,1248.839966,123.760002
4/23/19,51.869999,1923.77002,1264.550049,125.440002
4/24/19,51.790001,1901.75,1256,125.010002
4/25/19,51.32,1902.25,1263.449951,129.149994
4/26/19,51.075001,1950.630005,1272.180054,129.889999
4/29/19,51.1525,1938.430054,1287.579956,129.770004
4/30/19,50.1675,1926.52002,1188.47998,130.600006
5/1/19,52.630001,1911.52002,1168.079956,127.879997
5/2/19,52.287498,1900.819946,1162.609985,126.209999
5/3/19,52.9375,1962.459961,1185.400024,128.899994
5/6/19,52.119999,1950.550049,1189.390015,128.149994
5/7/19,50.715,1921,1174.099976,125.519997
5/8/19,50.724998,1917.77002,1166.27002,125.510002
5/9/19,50.18,1899.869995,1162.380005,125.5
5/10/19,49.294998,1889.97998,1164.27002,127.129997
5/13/19,46.43,1822.680054,1132.030029,123.349998
5/14/19,47.165001,1840.119995,1120.439941,124.730003
5/15/19,47.73,1871.150024,1164.209961,126.019997
5/16/19,47.52,1907.569946,1178.97998,128.929993
5/17/19,47.25,1869,1162.300049,128.070007
5/20/19,45.772499,1858.969971,1138.849976,126.220001
5/21/19,46.650002,1857.52002,1149.630005,126.900002
5/22/19,45.695,1859.680054,1151.420044,127.669998
5/23/19,44.915001,1815.47998,1140.77002,126.18
5/24/19,44.7425,1823.280029,1133.469971,126.239998
5/28/19,44.557499,1836.430054,1134.150024,126.160004
5/29/19,44.345001,1819.189941,1116.459961,124.940002
5/30/19,44.575001,1816.319946,1117.949951,125.730003
5/31/19,43.767502,1775.069946,1103.630005,123.68
6/3/19,43.325001,1692.689941,1036.22998,119.839996
6/4/19,44.91,1729.560059,1053.050049,123.160004
6/5/19,45.634998,1738.5,1042.219971,125.830002
6/6/19,46.305,1754.359985,1044.339966,127.82
6/7/19,47.537498,1804.030029,1066.040039,131.399994
6/10/19,48.145,1860.630005,1080.380005,132.600006
6/11/19,48.702499,1863.699951,1078.719971,132.100006
6/12/19,48.547501,1855.319946,1077.030029,131.490005
6/13/19,48.537498,1870.300049,1088.77002,132.320007
6/14/19,48.185001,1869.670044,1085.349976,132.449997
6/17/19,48.4725,1886.030029,1092.5,132.850006
6/18/19,49.612499,1901.369995,1103.599976,135.160004
6/19/19,49.467499,1908.790039,1102.329956,135.690002
6/20/19,49.865002,1918.189941,1111.420044,136.949997
6/21/19,49.695,1911.300049,1121.880005,136.970001
6/24/19,49.645,1913.900024,1115.52002,137.779999
6/25/19,48.892502,1878.27002,1086.349976,133.429993
6/26/19,49.950001,1897.829956,1079.800049,133.929993
6/27/19,49.935001,1904.280029,1076.01001,134.149994
6/28/19,49.48,1893.630005,1080.910034,133.960007
7/1/19,50.387501,1922.189941,1097.949951,135.679993
7/2/19,50.682499,1934.310059,1111.25,136.580002
7/3/19,51.102501,1939,1121.579956,137.460007
7/5/19,51.057499,1942.910034,1131.589966,137.059998
7/8/19,50.005001,1952.319946,1116.349976,136.960007
7/9/19,50.310001,1988.300049,1124.829956,136.460007
7/10/19,50.807499,2017.410034,1140.47998,137.850006
7/11/19,50.4375,2001.069946,1144.209961,138.399994
7/12/19,50.825001,2011,1144.900024,138.899994
7/15/19,51.302502,2020.98999,1150.339966,138.899994
7/16/19,51.125,2009.900024,1153.579956,137.080002
7/17/19,50.837502,1992.030029,1146.349976,136.270004
7/18/19,51.415001,1977.900024,1146.329956,136.419998
7/19/19,50.647499,1964.52002,1130.099976,136.619995
7/22/19,51.805,1985.630005,1138.069946,138.429993
7/23/19,52.209999,1994.48999,1146.209961,139.289993
7/24/19,52.1675,2000.810059,1137.810059,140.720001
7/25/19,51.755001,1973.819946,1132.119995,140.190002
7/26/19,51.935001,1943.050049,1250.410034,141.339996
7/29/19,52.419998,1912.449951,1239.410034,141.029999
7/30/19,52.195,1898.530029,1225.140015,140.350006
7/31/19,53.259998,1866.780029,1216.680054,136.270004
8/1/19,52.107498,1855.319946,1209.01001,138.059998
8/2/19,51.005001,1823.23999,1193.98999,136.899994
8/5/19,48.334999,1765.130005,1152.319946,132.210007
8/6/19,49.25,1787.829956,1169.949951,134.690002
8/7/19,49.759998,1793.400024,1173.98999,135.279999
8/8/19,50.857498,1832.890015,1204.800049,138.889999
8/9/19,50.247501,1807.579956,1188.01001,137.710007
8/12/19,50.119999,1784.920044,1174.709961,135.789993
8/13/19,52.2425,1824.339966,1197.27002,138.600006
8/14/19,50.6875,1762.959961,1164.290039,133.979996
8/15/19,50.435001,1776.119995,1167.26001,133.679993
8/16/19,51.625,1792.569946,1177.599976,136.130005
8/19/19,52.587502,1816.119995,1198.449951,138.410004
8/20/19,52.59,1801.380005,1182.689941,137.259995
8/21/19,53.16,1823.540039,1191.25,138.789993
8/22/19,53.115002,1804.660034,1189.530029,137.779999
8/23/19,50.66,1749.619995,1151.290039,133.389999
8/26/19,51.622501,1768.869995,1168.890015,135.449997
8/27/19,51.040001,1761.829956,1167.839966,135.740005
8/28/19,51.3825,1764.25,1171.02002,135.559998
8/29/19,52.252499,1786.400024,1192.849976,138.119995
8/30/19,52.185001,1776.290039,1188.099976,137.860001
9/3/19,51.424999,1789.839966,1168.390015,136.039993
9/4/19,52.297501,1800.619995,1181.410034,137.630005
9/5/19,53.32,1840.719971,1211.380005,140.050003
9/6/19,53.314999,1833.51001,1204.930054,139.100006
9/9/19,53.5425,1831.349976,1204.410034,137.520004
9/10/19,54.174999,1820.550049,1206,136.080002
9/11/19,55.897499,1822.98999,1220.170044,136.119995
9/12/19,55.772499,1843.550049,1234.25,137.520004
9/13/19,54.6875,1839.339966,1239.560059,137.320007
9/16/19,54.974998,1807.839966,1231.300049,136.330002
9/17/19,55.174999,1822.550049,1229.150024,137.389999
9/18/19,55.692501,1817.459961,1232.410034,138.520004
9/19/19,55.240002,1821.5,1238.709961,141.070007
9/20/19,54.432499,1794.160034,1229.930054,139.440002
9/23/19,54.68,1785.300049,1234.030029,139.139999
9/24/19,54.419998,1741.609985,1218.76001,137.380005
9/25/19,55.2575,1768.329956,1246.52002,139.360001
9/26/19,54.9725,1739.839966,1241.390015,139.539993
9/27/19,54.705002,1725.449951,1225.089966,137.729996
9/30/19,55.9925,1735.910034,1219,139.029999
10/1/19,56.147499,1735.650024,1205.099976,137.070007
10/2/19,54.740002,1713.22998,1176.630005,134.649994
10/3/19,55.205002,1724.420044,1187.829956,136.279999
10/4/19,56.752499,1739.650024,1209,138.119995
10/7/19,56.764999,1732.660034,1207.680054,137.119995
10/8/19,56.099998,1705.51001,1189.130005,135.669998
10/9/19,56.7575,1721.98999,1202.310059,138.240005
10/10/19,57.522499,1720.26001,1208.670044,139.100006
10/11/19,59.052502,1731.920044,1215.449951,139.679993
10/14/19,58.967499,1736.430054,1217.140015,139.550003
10/15/19,58.830002,1767.380005,1243.01001,141.570007
10/16/19,58.592499,1777.430054,1243.640015,140.410004
10/17/19,58.82,1787.47998,1253.069946,139.690002
10/18/19,59.102501,1757.51001,1245.48999,137.410004
10/21/19,60.127499,1785.660034,1246.150024,138.429993
10/22/19,59.990002,1765.72998,1242.800049,136.369995
10/23/19,60.794998,1762.170044,1259.130005,137.240005
10/24/19,60.895,1780.780029,1260.98999,139.940002
10/25/19,61.645,1761.329956,1265.130005,140.729996
10/28/19,62.262501,1777.079956,1290,144.190002
10/29/19,60.822498,1762.709961,1262.619995,142.830002
10/30/19,60.814999,1779.98999,1261.290039,144.610001
10/31/19,62.189999,1776.660034,1260.109985,143.369995
11/1/19,63.955002,1791.439941,1273.73999,143.720001
11/4/19,64.375,1804.660034,1291.369995,144.550003
11/5/19,64.282501,1801.709961,1292.030029,144.460007
11/6/19,64.309998,1795.77002,1291.800049,144.059998
11/7/19,64.857498,1788.199951,1308.859985,144.259995
11/8/19,65.035004,1785.880005,1311.369995,145.960007
11/11/19,65.550003,1771.650024,1299.189941,146.110001
11/12/19,65.489998,1778,1298.800049,147.070007
11/13/19,66.1175,1753.109985,1298,147.309998
11/14/19,65.660004,1754.599976,1311.459961,148.059998
11/15/19,66.440002,1739.48999,1334.869995,149.970001
11/18/19,66.775002,1752.530029,1320.699951,150.339996
11/19/19,66.572502,1752.790039,1315.459961,150.389999
11/20/19,65.797501,1745.530029,1303.050049,149.619995
11/21/19,65.502502,1734.709961,1301.349976,149.479996
11/22/19,65.445,1745.719971,1295.339966,149.589996
11/25/19,66.592499,1773.839966,1306.689941,151.229996
11/26/19,66.072502,1796.939941,1313.550049,152.029999
11/27/19,66.959999,1818.51001,1312.98999,152.320007
11/29/19,66.8125,1800.800049,1304.959961,151.380005
12/2/19,66.040001,1781.599976,1289.920044,149.550003
12/3/19,64.862503,1769.959961,1295.280029,149.309998
12/4/19,65.434998,1760.689941,1320.540039,149.850006
12/5/19,66.394997,1740.47998,1328.130005,149.929993
12/6/19,67.677498,1751.599976,1340.619995,151.75
12/9/19,66.730003,1749.51001,1343.560059,151.360001
12/10/19,67.120003,1739.209961,1344.660034,151.130005
12/11/19,67.692497,1748.719971,1345.02002,151.699997
12/12/19,67.864998,1760.329956,1350.27002,153.240005
12/13/19,68.787498,1760.939941,1347.829956,154.529999
12/16/19,69.964996,1769.209961,1361.170044,155.529999
12/17/19,70.102501,1790.660034,1355.119995,154.690002
12/18/19,69.934998,1784.030029,1352.619995,154.369995
12/19/19,70.004997,1792.280029,1356.040039,155.710007
12/20/19,69.860001,1786.5,1349.589966,157.410004
12/23/19,71,1793,1348.839966,157.410004
12/24/19,71.067497,1789.209961,1343.560059,157.380005
12/26/19,72.477501,1868.77002,1360.400024,158.669998
12/27/19,72.449997,1869.800049,1351.890015,158.960007
12/30/19,72.879997,1846.890015,1336.140015,157.589996
12/31/19,73.412498,1847.839966,1337.02002,157.699997
1/2/20,75.087502,1898.01001,1367.369995,160.619995
1/3/20,74.357498,1874.969971,1360.660034,158.619995
1/6/20,74.949997,1902.880005,1394.209961,159.029999
1/7/20,74.597504,1906.859985,1393.339966,157.580002
1/8/20,75.797501,1891.969971,1404.319946,160.089996
1/9/20,77.407501,1901.050049,1419.829956,162.089996
1/10/20,77.582497,1883.160034,1429.72998,161.339996
1/13/20,79.239998,1891.300049,1439.22998,163.279999
1/14/20,78.169998,1869.439941,1430.880005,162.130005
1/15/20,77.834999,1862.02002,1439.199951,163.179993
1/16/20,78.809998,1877.939941,1451.699951,166.169998
1/17/20,79.682503,1864.719971,1480.390015,167.100006
1/21/20,79.142502,1892,1484.400024,166.5
1/22/20,79.425003,1887.459961,1485.949951,165.699997
1/23/20,79.807503,1884.579956,1486.650024,166.720001
1/24/20,79.577499,1861.640015,1466.709961,165.039993
1/27/20,77.237503,1828.339966,1433.900024,162.279999
1/28/20,79.422501,1853.25,1452.560059,165.460007
1/29/20,81.084999,1858,1458.630005,168.039993
1/30/20,80.967499,1870.680054,1455.839966,172.779999
1/31/20,77.377502,2008.719971,1434.22998,170.229996
2/3/20,77.165001,2004.199951,1485.939941,174.380005
2/4/20,79.712502,2049.669922,1447.069946,180.119995
2/5/20,80.362503,2039.869995,1448.22998,179.899994
2/6/20,81.302498,2050.22998,1476.22998,183.630005
2/7/20,80.0075,2079.280029,1479.22998,183.889999
2/10/20,80.387497,2133.909912,1508.680054,188.699997
2/11/20,79.902496,2150.800049,1508.790039,184.440002
2/12/20,81.800003,2160,1518.27002,184.710007
2/13/20,81.217499,2149.870117,1514.660034,183.710007
2/14/20,81.237503,2134.870117,1520.73999,185.350006
2/18/20,79.75,2155.669922,1519.670044,187.229996
2/19/20,80.904999,2170.219971,1526.689941,187.279999
2/20/20,80.074997,2153.100098,1518.150024,184.419998
2/21/20,78.262497,2095.969971,1485.109985,178.589996
2/24/20,74.544998,2009.290039,1421.589966,170.889999
2/25/20,72.019997,1972.73999,1388.449951,168.070007
2/26/20,73.162498,1979.589966,1393.180054,170.169998
2/27/20,68.379997,1884.300049,1318.089966,158.179993
2/28/20,68.339996,1883.75,1339.329956,162.009995
3/2/20,74.702499,1953.949951,1389.109985,172.789993
3/3/20,72.330002,1908.98999,1341.390015,164.509995
3/4/20,75.684998,1975.829956,1386.52002,170.550003
3/5/20,73.230003,1924.030029,1319.040039,166.270004
3/6/20,72.2575,1901.089966,1298.410034,161.570007
3/9/20,66.542503,1800.609985,1215.560059,150.619995
3/10/20,71.334999,1891.819946,1280.390015,160.919998
3/11/20,68.857498,1820.859985,1215.410034,153.630005
3/12/20,62.057499,1676.609985,1114.910034,139.059998
3/13/20,69.4925,1785,1219.72998,158.830002
3/16/20,60.552502,1689.150024,1084.329956,135.419998
3/17/20,63.215,1807.839966,1119.800049,146.570007
3/18/20,61.6675,1830,1096.800049,140.399994
3/19/20,61.195,1880.930054,1115.290039,142.710007
3/20/20,57.310001,1846.089966,1072.319946,137.350006
3/23/20,56.092499,1902.829956,1056.619995,135.979996
3/24/20,61.720001,1940.099976,1134.459961,148.339996
3/25/20,61.380001,1885.839966,1102.48999,146.919998
3/26/20,64.610001,1955.48999,1161.75,156.110001
3/27/20,61.935001,1900.099976,1110.709961,149.699997
3/30/20,63.702499,1963.949951,1146.819946,160.229996
3/31/20,63.572498,1949.719971,1162.810059,157.710007
4/1/20,60.227501,1907.699951,1105.619995,152.110001
4/2/20,61.232498,1918.829956,1120.839966,155.259995
4/3/20,60.352501,1906.589966,1097.880005,153.830002
4/6/20,65.6175,1997.589966,1186.920044,165.270004
4/7/20,64.857498,2011.599976,1186.51001,163.490005
4/8/20,66.517502,2043,1210.280029,165.130005
4/9/20,66.997498,2042.76001,1211.449951,165.139999
4/13/20,68.3125,2168.870117,1217.560059,165.509995
4/14/20,71.762497,2283.320068,1269.22998,173.699997
4/15/20,71.107498,2307.679932,1262.469971,171.880005
4/16/20,71.672501,2408.189941,1263.469971,177.039993
4/17/20,70.699997,2375,1283.25,178.600006
4/20/20,69.232498,2393.610107,1266.609985,175.059998
4/21/20,67.092499,2328.120117,1216.339966,167.820007
4/22/20,69.025002,2363.48999,1263.209961,173.520004
4/23/20,68.7575,2399.449951,1276.310059,171.419998
4/24/20,70.7425,2410.219971,1279.310059,174.550003
4/27/20,70.792503,2376,1275.880005,174.050003
4/28/20,69.644997,2314.080078,1233.670044,169.809998
4/29/20,71.932503,2372.709961,1341.47998,177.429993
4/30/20,73.449997,2474,1348.660034,179.210007
5/1/20,72.267502,2286.040039,1320.609985,174.570007
5/4/20,73.290001,2315.98999,1326.800049,178.839996
5/5/20,74.389999,2317.800049,1351.109985,180.759995
5/6/20,75.157501,2351.26001,1347.300049,182.539993
5/7/20,75.934998,2367.610107,1372.560059,183.600006
5/8/20,77.532501,2379.610107,1388.369995,184.679993
5/11/20,78.752502,2409,1403.26001,186.740005
5/12/20,77.852501,2356.949951,1375.73999,182.509995
5/13/20,76.912498,2367.919922,1349.329956,179.75
5/14/20,77.385002,2388.850098,1356.130005,180.529999
5/15/20,76.927498,2409.780029,1373.189941,183.160004
5/18/20,78.739998,2426.26001,1383.939941,184.910004
5/19/20,78.285004,2449.330078,1373.484985,183.630005
5/20/20,79.807503,2497.939941,1406.719971,185.660004
5/21/20,79.212502,2446.73999,1402.800049,183.429993
5/22/20,79.722504,2436.879883,1410.420044,183.509995
5/26/20,79.182503,2421.860107,1417.02002,181.570007
5/27/20,79.527496,2410.389893,1417.839966,181.809998
5/28/20,79.5625,2401.100098,1416.72998,181.399994
5/29/20,79.485001,2442.370117,1428.920044,183.25
6/1/20,80.462502,2471.040039,1431.819946,182.830002
6/2/20,80.834999,2472.409912,1439.219971,184.910004
6/3/20,81.279999,2478.399902,1436.380005,185.360001
6/4/20,80.580002,2460.600098,1412.180054,182.919998
6/5/20,82.875,2483,1438.390015,187.199997
6/8/20,83.364998,2524.060059,1446.609985,188.360001
6/9/20,85.997498,2600.860107,1456.160034,189.800003
6/10/20,88.209999,2647.449951,1465.849976,196.839996
6/11/20,83.974998,2557.959961,1403.839966,186.270004
6/12/20,84.699997,2545.02002,1413.180054,187.740005
6/15/20,85.747498,2572.679932,1419.849976,188.940002
6/16/20,88.019997,2615.27002,1442.719971,193.570007
6/17/20,87.897499,2640.97998,1451.119995,194.240005
6/18/20,87.932503,2653.97998,1435.959961,196.320007
6/19/20,87.43,2675.01001,1431.719971,195.149994
6/22/20,89.717499,2713.820068,1451.859985,200.570007
6/23/20,91.6325,2764.409912,1464.410034,201.910004
6/24/20,90.014999,2734.399902,1431.969971,197.839996
6/25/20,91.209999,2754.580078,1441.329956,200.339996
6/26/20,88.407501,2692.870117,1359.900024,196.330002
6/29/20,90.445,2680.379883,1394.969971,198.440002
6/30/20,91.199997,2758.820068,1413.609985,203.509995
7/1/20,91.027496,2878.699951,1438.040039,204.699997
7/2/20,91.027496,2890.300049,1464.699951,206.259995
7/6/20,93.462502,3057.040039,1495.699951,210.699997
7/7/20,93.172501,3000.120117,1485.180054,208.25
7/8/20,95.342499,3081.110107,1496,212.830002
7/9/20,95.752502,3182.629883,1510.98999,214.320007
7/10/20,95.919998,3200,1541.73999,213.669998
7/13/20,95.477501,3104,1511.339966,207.070007
7/14/20,97.057503,3084,1520.579956,208.350006
7/15/20,97.724998,3008.870117,1513.640015,208.039993
7/16/20,96.522499,2999.899902,1518,203.919998
7/17/20,96.327499,2961.969971,1515.550049,202.880005
7/20/20,98.357498,3196.840088,1565.719971,211.600006
7/21/20,97,3138.290039,1558.420044,208.75
7/22/20,97.272499,3099.909912,1568.48999,211.75
7/23/20,92.845001,2986.550049,1515.680054,202.539993
7/24/20,92.614998,3008.909912,1511.869995,201.300003
7/27/20,94.809998,3055.209961,1530.199951,203.850006
7/28/20,93.252502,3000.330078,1500.339966,202.020004
7/29/20,95.040001,3033.530029,1522.02002,204.059998
7/30/20,96.190002,3051.879883,1531.449951,203.899994
7/31/20,106.260002,3164.679932,1482.959961,205.009995
8/3/20,108.9375,3111.889893,1474.449951,216.539993
8/4/20,109.665001,3138.830078,1464.969971,213.289993
8/5/20,110.0625,3205.030029,1473.609985,212.940002
8/6/20,113.902496,3225,1500.099976,216.350006
8/7/20,111.112503,3167.459961,1494.48999,212.479996
8/10/20,112.727501,3148.159912,1496.099976,208.25
8/11/20,109.375,3080.669922,1480.319946,203.380005
8/12/20,113.010002,3162.23999,1506.619995,209.190002
8/13/20,115.010002,3161.02002,1518.449951,208.699997
8/14/20,114.907501,3148.02002,1507.72998,208.899994
8/17/20,114.607498,3182.409912,1517.97998,210.279999
8/18/20,115.5625,3312.48999,1558.599976,211.490005
8/19/20,115.707497,3260.47998,1547.530029,209.699997
8/20/20,118.275002,3297.370117,1581.75,214.580002
8/21/20,124.370003,3284.719971,1580.420044,213.020004
8/24/20,125.857498,3307.459961,1588.199951,213.690002
8/25/20,124.824997,3346.48999,1608.219971,216.470001
8/26/20,126.522499,3441.850098,1652.380005,221.149994
8/27/20,125.010002,3400,1634.329956,226.580002
8/28/20,124.807503,3401.800049,1644.410034,228.910004
8/31/20,129.039993,3450.959961,1634.180054,225.529999
9/1/20,134.179993,3499.120117,1660.709961,227.270004
9/2/20,131.399994,3531.449951,1728.280029,231.649994
9/3/20,120.879997,3368,1641.839966,217.300003
9/4/20,120.959999,3294.620117,1591.040039,214.25
9/8/20,112.82,3149.840088,1532.390015,202.660004
9/9/20,117.32,3268.610107,1556.959961,211.289993
9/10/20,113.489998,3175.110107,1532.02002,205.369995
9/11/20,112,3116.219971,1520.719971,204.029999
9/14/20,115.360001,3102.969971,1519.280029,205.410004
9/15/20,115.540001,3156.129883,1541.439941,208.779999
9/16/20,112.129997,3078.100098,1520.900024,205.050003
9/17/20,110.339996,3008.72998,1495.530029,202.910004
9/18/20,106.839996,2954.909912,1459.98999,200.389999
9/21/20,110.080002,2960.469971,1431.160034,202.539993
9/22/20,111.809998,3128.98999,1465.459961,207.419998
9/23/20,107.120003,2999.860107,1415.209961,200.589996
9/24/20,108.220001,3019.790039,1428.290039,203.190002
9/25/20,112.279999,3095.129883,1444.959961,207.820007
9/28/20,114.959999,3174.050049,1464.52002,209.440002
9/29/20,114.089996,3144.879883,1469.329956,207.259995
9/30/20,115.809998,3148.72998,1469.599976,210.330002
10/1/20,116.790001,3221.26001,1490.089966,212.460007
10/2/20,113.019997,3125,1458.420044,206.190002
10/5/20,116.5,3199.199951,1486.02002,210.380005
10/6/20,113.160004,3099.959961,1453.439941,205.910004
10/7/20,115.080002,3195.689941,1460.290039,209.830002
10/8/20,114.970001,3190.550049,1485.930054,210.580002
10/9/20,116.970001,3286.649902,1515.219971,215.809998
10/12/20,124.400002,3442.929932,1569.150024,221.399994
10/13/20,121.099998,3443.629883,1571.680054,222.860001
10/14/20,121.190002,3363.709961,1568.079956,220.860001
10/15/20,120.709999,3338.649902,1559.130005,219.660004
10/16/20,119.019997,3272.709961,1573.01001,219.660004
10/19/20,115.980003,3207.209961,1534.609985,214.220001
10/20/20,117.510002,3217.01001,1555.930054,214.649994
10/21/20,116.870003,3184.939941,1593.310059,214.800003
10/22/20,115.75,3176.399902,1615.329956,214.889999
10/23/20,115.040001,3204.399902,1641,216.229996
10/26/20,115.050003,3207.040039,1590.449951,210.080002
10/27/20,116.599998,3286.330078,1604.26001,213.25
10/28/20,111.199997,3162.780029,1516.619995,202.679993
10/29/20,115.32,3211.01001,1567.23999,204.720001
10/30/20,108.860001,3036.149902,1621.01001,202.470001
11/2/20,108.769997,3004.47998,1626.030029,202.330002
11/3/20,110.440002,3048.409912,1650.209961,206.429993
11/4/20,114.949997,3241.159912,1749.130005,216.389999
11/5/20,119.029999,3322,1763.369995,223.289993
11/6/20,118.690002,3311.370117,1761.75,223.720001
11/9/20,116.32,3143.73999,1763,218.389999
11/10/20,115.970001,3035.02002,1740.390015,211.009995
11/11/20,119.489998,3137.389893,1752.709961,216.550003
11/12/20,119.209999,3110.280029,1749.839966,215.440002
11/13/20,119.260002,3128.810059,1777.02002,216.509995
11/16/20,120.300003,3131.060059,1781.380005,217.229996
11/17/20,119.389999,3135.659912,1770.150024,214.460007
11/18/20,118.029999,3105.459961,1746.780029,211.080002
11/19/20,118.639999,3117.02002,1763.920044,212.419998
11/20/20,117.339996,3099.399902,1742.189941,210.389999
11/23/20,113.849998,3098.389893,1734.859985,210.110001
11/24/20,115.169998,3118.060059,1768.880005,213.860001
11/25/20,116.029999,3185.070068,1771.430054,213.869995
11/27/20,116.589996,3195.340088,1793.189941,215.229996
11/30/20,119.050003,3168.040039,1760.73999,214.070007
12/1/20,122.720001,3220.080078,1798.099976,216.210007
12/2/20,123.080002,3203.530029,1827.949951,215.369995
12/3/20,122.940002,3186.72998,1826.77002,214.240005
12/4/20,122.25,3162.580078,1827.98999,214.360001
12/7/20,123.75,3158,1819.47998,214.289993
12/8/20,124.379997,3177.290039,1818.550049,216.009995
12/9/20,121.779999,3104.199951,1784.130005,211.800003
12/10/20,123.239998,3101.48999,1775.329956,210.520004
12/11/20,122.410004,3116.419922,1781.77002,213.259995
12/14/20,121.779999,3156.969971,1760.060059,214.199997
12/15/20,127.879997,3165.120117,1767.77002,214.130005
12/16/20,127.809998,3240.959961,1763,219.279999
12/17/20,128.699997,3236.080078,1747.900024,219.419998
12/18/20,126.660004,3201.649902,1731.01001,218.589996
12/21/20,128.229996,3206.179932,1739.369995,222.589996
12/22/20,131.880005,3206.52002,1723.5,223.940002
12/23/20,130.960007,3185.27002,1732.380005,221.020004
12/24/20,131.970001,3172.689941,1738.849976,222.75
12/28/20,136.690002,3283.959961,1776.089966,224.960007
12/29/20,134.869995,3322,1758.719971,224.149994
12/30/20,133.720001,3285.850098,1739.52002,221.679993
12/31/20,132.690002,3256.929932,1751.880005,222.419998
1/4/21,129.410004,3186.629883,1728.23999,217.690002
1/5/21,131.009995,3218.51001,1740.920044,217.899994
1/6/21,126.599998,3138.379883,1735.290039,212.25
1/7/21,130.919998,3162.159912,1787.25,218.289993
1/8/21,132.050003,3182.699951,1807.209961,219.619995
1/11/21,128.979996,3114.209961,1766.719971,217.490005
1/12/21,128.800003,3120.830078,1746.550049,214.929993
1/13/21,130.889999,3165.889893,1754.400024,216.339996
1/14/21,128.910004,3127.469971,1740.180054,213.020004
1/15/21,127.139999,3104.25,1736.189941,212.649994
1/19/21,127.830002,3120.76001,1790.859985,216.440002
1/20/21,132.029999,3263.379883,1886.900024,224.339996
1/21/21,136.869995,3306.98999,1891.25,224.970001
1/22/21,139.070007,3292.22998,1901.050049,225.949997
1/25/21,142.919998,3294,1899.400024,229.529999
1/26/21,143.160004,3326.129883,1917.23999,232.330002
1/27/21,142.059998,3232.580078,1830.790039,232.899994
1/28/21,137.089996,3237.620117,1863.109985,238.929993
1/29/21,131.960007,3206.199951,1835.73999,231.960007
2/1/21,134.139999,3342.879883,1901.349976,239.649994
2/2/21,134.990005,3380,1927.51001,239.509995
2/3/21,133.940002,3312.530029,2070.070068,243
2/4/21,137.389999,3331,2062.370117,242.009995
2/5/21,136.759995,3352.149902,2098,242.199997
2/8/21,136.910004,3322.939941,2092.909912,242.470001
2/9/21,136.009995,3305,2083.51001,243.770004
2/10/21,135.389999,3286.580078,2095.379883,242.820007